image_id,filename,expected,detected,classification,process_time,features
1,1.png,1,1,TP,78,"{'integral_mean': 28550028.83822067, 'integral_std': 26470774.500727735, 'hist_mean': 3041.11328125, 'hist_std': 2833.530029296875, 'hist_skew': 50116526080.0, 'edge_density': 0.011678494589126875, 'texture_var': 345.0831202442779, 'mean_intensity': 147.78715005940722, 'std_intensity': 55.274876741415795, 'min_intensity': 0.0, 'max_intensity': 255.0}"
2,2.JPG,1,1,TP,319,"{'integral_mean': 153698375.39061588, 'integral_std': 131401813.49581693, 'hist_mean': 17496.0, 'hist_std': 25285.431640625, 'hist_skew': 36564780449792.0, 'edge_density': 0.004244050425811614, 'texture_var': 189.21746956578147, 'mean_intensity': 131.2841283364769, 'std_intensity': 65.528514518195, 'min_intensity': 0.0, 'max_intensity': 255.0}"
3,3.JPG,1,2,TP,196,"{'integral_mean': 165787789.23572162, 'integral_std': 152184886.6865931, 'hist_mean': 17496.0, 'hist_std': 29246.015625, 'hist_skew': 264425214836736.0, 'edge_density': 0.0038995520404663925, 'texture_var': 132.633269455285, 'mean_intensity': 147.89416531814416, 'std_intensity': 73.2743888905233, 'min_intensity': 0.0, 'max_intensity': 255.0}"
4,4.JPG,1,2,TP,184,"{'integral_mean': 149903725.48600194, 'integral_std': 127105372.99592102, 'hist_mean': 17496.0, 'hist_std': 13225.568359375, 'hist_skew': 1006777532416.0, 'edge_density': 0.005217933741998171, 'texture_var': 153.54793360468747, 'mean_intensity': 128.83410047296525, 'std_intensity': 60.768951888381, 'min_intensity': 0.0, 'max_intensity': 255.0}"
5,5.JPG,1,1,TP,175,"{'integral_mean': 135186481.22257614, 'integral_std': 123131597.67241633, 'hist_mean': 17496.0, 'hist_std': 14365.6826171875, 'hist_skew': 8926739300352.0, 'edge_density': 0.0035599654921124827, 'texture_var': 136.91146659209596, 'mean_intensity': 123.36840585883917, 'std_intensity': 64.82441422226458, 'min_intensity': 0.0, 'max_intensity': 255.0}"
6,6.png,1,1,TP,52,"{'integral_mean': 11297821.883033378, 'integral_std': 9993553.72523323, 'hist_mean': 1681.28125, 'hist_std': 3341.35986328125, 'hist_skew': 133118050304.0, 'edge_density': 0.028368431813535065, 'texture_var': 742.2208142800852, 'mean_intensity': 102.48467965279455, 'std_intensity': 65.06242844970808, 'min_intensity': 0.0, 'max_intensity': 255.0}"
7,7.JPG,1,3,TP,290,"{'integral_mean': 154710168.90029234, 'integral_std': 130466566.47922014, 'hist_mean': 17496.0, 'hist_std': 11811.7783203125, 'hist_skew': 2068138426368.0, 'edge_density': 0.007570480395518976, 'texture_var': 209.3810261363072, 'mean_intensity': 138.9432010798897, 'std_intensity': 72.83862310277112, 'min_intensity': 0.0, 'max_intensity': 255.0}"
8,8.JPG,1,1,TP,242,"{'integral_mean': 80689126.91139965, 'integral_std': 65712638.37662459, 'hist_mean': 9443.25, 'hist_std': 6111.6015625, 'hist_skew': -56022958080.0, 'edge_density': 0.008084064675826648, 'texture_var': 217.7155875285237, 'mean_intensity': 117.04354052497816, 'std_intensity': 56.919059071245314, 'min_intensity': 0.0, 'max_intensity': 255.0}"
9,9.png,1,0,FN,14,"{'integral_mean': 2427712.1812706226, 'integral_std': 2417880.082432799, 'hist_mean': 370.5, 'hist_std': 1608.361083984375, 'hist_skew': 56388927488.0, 'edge_density': 0.044376265182186236, 'texture_var': 2080.3702195192427, 'mean_intensity': 114.59007042847503, 'std_intensity': 85.31781910056274, 'min_intensity': 0.0, 'max_intensity': 242.0}"
10,10.JPG,1,1,TP,414,"{'integral_mean': 100589293.18466699, 'integral_std': 96442191.96019505, 'hist_mean': 17496.0, 'hist_std': 18061.66015625, 'hist_skew': 6354841894912.0, 'edge_density': 0.005083974551326018, 'texture_var': 174.81696307232886, 'mean_intensity': 96.53830295138889, 'std_intensity': 38.51269256156458, 'min_intensity': 0.0, 'max_intensity': 255.0}"
11,11.png,1,1,TP,26,"{'integral_mean': 1658113.623850287, 'integral_std': 1616761.0387521193, 'hist_mean': 340.83984375, 'hist_std': 1416.911865234375, 'hist_skew': 42669232128.0, 'edge_density': 0.06374419804022692, 'texture_var': 2652.975845790448, 'mean_intensity': 82.73094951578706, 'std_intensity': 63.50965546149953, 'min_intensity': 0.0, 'max_intensity': 255.0}"
12,12.png,1,1,TP,46,"{'integral_mean': 5701280.545397777, 'integral_std': 5103703.419360468, 'hist_mean': 872.0703125, 'hist_std': 1649.719482421875, 'hist_skew': 53673025536.0, 'edge_density': 0.04408062709966405, 'texture_var': 1461.6068554222477, 'mean_intensity': 105.86799552071669, 'std_intensity': 77.04277236798762, 'min_intensity': 0.0, 'max_intensity': 255.0}"
13,13.JPG,1,1,TP,102,"{'integral_mean': 20030396.712524187, 'integral_std': 20483581.588160522, 'hist_mean': 3721.0, 'hist_std': 4645.51904296875, 'hist_skew': 182548480000.0, 'edge_density': 0.009961409903251815, 'texture_var': 422.2886550795571, 'mean_intensity': 93.62976077499329, 'std_intensity': 43.23729545222999, 'min_intensity': 0.0, 'max_intensity': 255.0}"
14,14.png,1,1,TP,16,"{'integral_mean': 1135042.964574795, 'integral_std': 1111939.601831692, 'hist_mean': 302.80078125, 'hist_std': 1559.682861328125, 'hist_skew': 56726831104.0, 'edge_density': 0.05321413367390379, 'texture_var': 2652.0888777289492, 'mean_intensity': 69.7242024330147, 'std_intensity': 58.92491715068557, 'min_intensity': 0.0, 'max_intensity': 255.0}"
15,15.png,1,1,TP,24,"{'integral_mean': 3433080.2341954024, 'integral_std': 3334379.39120619, 'hist_mean': 752.375, 'hist_std': 1718.1304931640625, 'hist_skew': 54863351808.0, 'edge_density': 0.031914562219637815, 'texture_var': 1561.588676686201, 'mean_intensity': 83.85140284931052, 'std_intensity': 55.1095953985252, 'min_intensity': 0.0, 'max_intensity': 255.0}"
16,16.JPG,1,1,TP,288,"{'integral_mean': 131719784.43117376, 'integral_std': 115237139.05502439, 'hist_mean': 17496.0, 'hist_std': 13990.513671875, 'hist_skew': 1063535509504.0, 'edge_density': 0.0023509837962962963, 'texture_var': 146.04493213254275, 'mean_intensity': 113.9954900405807, 'std_intensity': 47.45844372051492, 'min_intensity': 0.0, 'max_intensity': 255.0}"
17,17.JPG,1,2,TP,326,"{'integral_mean': 151120862.55932343, 'integral_std': 134466473.18882427, 'hist_mean': 17496.0, 'hist_std': 15476.6279296875, 'hist_skew': 5547595137024.0, 'edge_density': 0.004480711662665752, 'texture_var': 158.0947398074507, 'mean_intensity': 123.83046236461192, 'std_intensity': 53.52693919171298, 'min_intensity': 0.0, 'max_intensity': 255.0}"
18,18.png,1,1,TP,20,"{'integral_mean': 1366794.3130176186, 'integral_std': 1360263.7831158328, 'hist_mean': 345.7421875, 'hist_std': 1355.3106689453125, 'hist_skew': 36704571392.0, 'edge_density': 0.09139080329906225, 'texture_var': 3397.627499258012, 'mean_intensity': 64.45330471133205, 'std_intensity': 65.29331701432686, 'min_intensity': 0.0, 'max_intensity': 255.0}"
19,19.png,1,1,TP,51,"{'integral_mean': 5880490.221094553, 'integral_std': 5976624.248662614, 'hist_mean': 1060.13671875, 'hist_std': 1765.216552734375, 'hist_skew': 52431925248.0, 'edge_density': 0.028987269478067023, 'texture_var': 1117.8027381185977, 'mean_intensity': 95.43134545588534, 'std_intensity': 51.820393449552, 'min_intensity': 0.0, 'max_intensity': 255.0}"
20,20.JPG,1,2,TP,295,"{'integral_mean': 82935783.49126717, 'integral_std': 74846386.62852858, 'hist_mean': 8871.28515625, 'hist_std': 12261.3212890625, 'hist_skew': 17558225813504.0, 'edge_density': 0.01860197644348493, 'texture_var': 170.2705657638906, 'mean_intensity': 146.3554141720412, 'std_intensity': 69.03520782386539, 'min_intensity': 0.0, 'max_intensity': 255.0}"
21,21.png,1,1,TP,33,"{'integral_mean': 3979822.5822478374, 'integral_std': 3687577.3377221297, 'hist_mean': 835.453125, 'hist_std': 1674.849365234375, 'hist_skew': 53552820224.0, 'edge_density': 0.11010585572948811, 'texture_var': 2266.0420492359485, 'mean_intensity': 76.22412986964409, 'std_intensity': 51.790776494183135, 'min_intensity': 0.0, 'max_intensity': 255.0}"
22,22.png,1,1,TP,20,"{'integral_mean': 2856663.3792206715, 'integral_std': 2447759.88651216, 'hist_mean': 467.4140625, 'hist_std': 1528.616455078125, 'hist_skew': 51526430720.0, 'edge_density': 0.0742783599926457, 'texture_var': 2007.779281655233, 'mean_intensity': 87.80989988132845, 'std_intensity': 68.34373679468852, 'min_intensity': 0.0, 'max_intensity': 255.0}"
23,23.png,1,1,TP,19,"{'integral_mean': 1216906.2131765669, 'integral_std': 1111584.748392432, 'hist_mean': 322.0, 'hist_std': 1346.70849609375, 'hist_skew': 32923197440.0, 'edge_density': 0.06843216226708075, 'texture_var': 2426.640415830794, 'mean_intensity': 62.8693225931677, 'std_intensity': 60.71247914170367, 'min_intensity': 0.0, 'max_intensity': 255.0}"
24,24.png,1,1,TP,19,"{'integral_mean': 1732858.1335348506, 'integral_std': 1709190.9042179317, 'hist_mean': 349.16015625, 'hist_std': 1552.009521484375, 'hist_skew': 56527507456.0, 'edge_density': 0.09633607428539465, 'texture_var': 2816.331736303936, 'mean_intensity': 89.92703473737204, 'std_intensity': 74.27451957579466, 'min_intensity': 0.0, 'max_intensity': 255.0}"
25,25.png,1,1,TP,14,"{'integral_mean': 852222.3805321696, 'integral_std': 703233.3869115154, 'hist_mean': 200.51953125, 'hist_std': 1052.905029296875, 'hist_skew': 17543796736.0, 'edge_density': 0.08896811018253366, 'texture_var': 4541.374946333871, 'mean_intensity': 64.48117195566205, 'std_intensity': 67.04166633002127, 'min_intensity': 0.0, 'max_intensity': 255.0}"
26,26.png,1,1,TP,19,"{'integral_mean': 1042539.6972936518, 'integral_std': 888549.6462814247, 'hist_mean': 270.15625, 'hist_std': 1267.5982666015625, 'hist_skew': 29165905920.0, 'edge_density': 0.07044534412955465, 'texture_var': 3212.498835091368, 'mean_intensity': 60.11675824175824, 'std_intensity': 61.394705267108606, 'min_intensity': 0.0, 'max_intensity': 255.0}"
27,27.png,1,1,TP,19,"{'integral_mean': 1355171.4387935451, 'integral_std': 1166985.6534257752, 'hist_mean': 302.80078125, 'hist_std': 1260.8826904296875, 'hist_skew': 27569248256.0, 'edge_density': 0.07168750080627476, 'texture_var': 3197.7566585069158, 'mean_intensity': 62.34878800779184, 'std_intensity': 60.47029744367369, 'min_intensity': 0.0, 'max_intensity': 255.0}"
28,28.png,1,1,TP,17,"{'integral_mean': 1100594.4525173234, 'integral_std': 1148114.212512763, 'hist_mean': 303.3515625, 'hist_std': 1317.185546875, 'hist_skew': 33617020928.0, 'edge_density': 0.05954312498390378, 'texture_var': 3108.9555574006617, 'mean_intensity': 68.6924721213526, 'std_intensity': 55.282198083610986, 'min_intensity': 0.0, 'max_intensity': 255.0}"
29,29.png,1,1,TP,37,"{'integral_mean': 2967049.0102668586, 'integral_std': 2993953.531968284, 'hist_mean': 583.6328125, 'hist_std': 1601.5963134765625, 'hist_skew': 55330246656.0, 'edge_density': 0.048905695736563816, 'texture_var': 1922.6170398362426, 'mean_intensity': 91.72408807978047, 'std_intensity': 70.21071795232194, 'min_intensity': 0.0, 'max_intensity': 255.0}"
30,30.png,1,1,TP,18,"{'integral_mean': 1149266.893832367, 'integral_std': 1119081.9567080177, 'hist_mean': 220.4296875, 'hist_std': 1365.2205810546875, 'hist_skew': 39672143872.0, 'edge_density': 0.06048201311359206, 'texture_var': 3404.4484260737586, 'mean_intensity': 93.70694665957824, 'std_intensity': 85.61739676012091, 'min_intensity': 0.0, 'max_intensity': 248.0}"
31,31.png,1,1,TP,44,"{'integral_mean': 6130492.692673855, 'integral_std': 6012846.42298391, 'hist_mean': 874.35546875, 'hist_std': 1582.2305908203125, 'hist_skew': 53464981504.0, 'edge_density': 0.05742176156543883, 'texture_var': 1328.1128108421597, 'mean_intensity': 122.17130475573525, 'std_intensity': 69.21944804609113, 'min_intensity': 0.0, 'max_intensity': 255.0}"
32,32.png,1,1,TP,38,"{'integral_mean': 4518497.819094196, 'integral_std': 4216142.0316557465, 'hist_mean': 792.8125, 'hist_std': 1633.6844482421875, 'hist_skew': 53857751040.0, 'edge_density': 0.04382636972802523, 'texture_var': 1617.0186181814765, 'mean_intensity': 91.31056858494284, 'std_intensity': 58.28821305454276, 'min_intensity': 0.0, 'max_intensity': 255.0}"
33,33.png,1,1,TP,28,"{'integral_mean': 4691644.904104885, 'integral_std': 4507368.308085231, 'hist_mean': 690.625, 'hist_std': 1568.7225341796875, 'hist_skew': 54174470144.0, 'edge_density': 0.08098416289592761, 'texture_var': 1618.2444942670797, 'mean_intensity': 117.92456447963801, 'std_intensity': 71.90025971310942, 'min_intensity': 0.0, 'max_intensity': 255.0}"
34,34.png,1,1,TP,29,"{'integral_mean': 2474297.311419785, 'integral_std': 2438021.423998137, 'hist_mean': 452.0703125, 'hist_std': 1551.41357421875, 'hist_skew': 55749771264.0, 'edge_density': 0.05341743713816642, 'texture_var': 1950.089344601786, 'mean_intensity': 97.60629914456061, 'std_intensity': 71.72009934601597, 'min_intensity': 0.0, 'max_intensity': 255.0}"
35,35.png,1,1,TP,44,"{'integral_mean': 3735291.4762547896, 'integral_std': 3985193.91022076, 'hist_mean': 918.84375, 'hist_std': 1744.1846923828125, 'hist_skew': 53665067008.0, 'edge_density': 0.09660578852498045, 'texture_var': 1453.2481088424436, 'mean_intensity': 85.2188594701221, 'std_intensity': 51.41533167142834, 'min_intensity': 0.0, 'max_intensity': 255.0}"
36,36.png,1,2,TP,30,"{'integral_mean': 3230032.26425371, 'integral_std': 3929963.7633112627, 'hist_mean': 756.765625, 'hist_std': 1840.2080078125, 'hist_skew': 57477017600.0, 'edge_density': 0.04849998967646026, 'texture_var': 2150.3910839616447, 'mean_intensity': 93.7557915057915, 'std_intensity': 74.061128306372, 'min_intensity': 0.0, 'max_intensity': 255.0}"
37,37.png,1,1,TP,27,"{'integral_mean': 2896779.2508686725, 'integral_std': 2853979.3784558154, 'hist_mean': 590.53515625, 'hist_std': 1610.1036376953125, 'hist_skew': 55343226880.0, 'edge_density': 0.0719355457510071, 'texture_var': 2176.9802309346064, 'mean_intensity': 82.2481131389034, 'std_intensity': 59.38038392266087, 'min_intensity': 0.0, 'max_intensity': 255.0}"
38,38.png,1,1,TP,29,"{'integral_mean': 1635149.8667283466, 'integral_std': 1726064.21363154, 'hist_mean': 360.703125, 'hist_std': 1384.0635986328125, 'hist_skew': 39038607360.0, 'edge_density': 0.056963396144682696, 'texture_var': 2224.593796517837, 'mean_intensity': 84.43196881091617, 'std_intensity': 62.645686873942566, 'min_intensity': 0.0, 'max_intensity': 255.0}"
39,39.png,1,1,TP,23,"{'integral_mean': 1229881.4312674617, 'integral_std': 1328364.7106307868, 'hist_mean': 288.68359375, 'hist_std': 1335.2501220703125, 'hist_skew': 36016664576.0, 'edge_density': 0.06769684586552643, 'texture_var': 2824.0158033865455, 'mean_intensity': 85.65334289541697, 'std_intensity': 70.29053275360462, 'min_intensity': 0.0, 'max_intensity': 255.0}"
40,40.png,1,1,TP,15,"{'integral_mean': 809575.8237783763, 'integral_std': 702137.9032027529, 'hist_mean': 181.0546875, 'hist_std': 1013.3428955078125, 'hist_skew': 15801841664.0, 'edge_density': 0.0725782092772384, 'texture_var': 3911.16888019606, 'mean_intensity': 73.91322545846818, 'std_intensity': 70.43157190714707, 'min_intensity': 0.0, 'max_intensity': 255.0}"
41,41.png,1,1,TP,12,"{'integral_mean': 443720.32561535254, 'integral_std': 455508.0429081316, 'hist_mean': 111.03125, 'hist_std': 703.7001342773438, 'hist_skew': 5256240128.0, 'edge_density': 0.11543062200956938, 'texture_var': 6084.773006011893, 'mean_intensity': 73.2566844919786, 'std_intensity': 75.44258548701623, 'min_intensity': 0.0, 'max_intensity': 255.0}"
42,42.png,1,1,TP,22,"{'integral_mean': 773429.4335084847, 'integral_std': 845395.6085583823, 'hist_mean': 224.859375, 'hist_std': 1171.93310546875, 'hist_skew': 24298838016.0, 'edge_density': 0.07725314432631505, 'texture_var': 3773.7395165846124, 'mean_intensity': 65.17662080466958, 'std_intensity': 62.39829934131704, 'min_intensity': 0.0, 'max_intensity': 255.0}"
43,43.png,1,1,TP,26,"{'integral_mean': 1479749.2792039078, 'integral_std': 1500392.8391783542, 'hist_mean': 298.5234375, 'hist_std': 1464.06787109375, 'hist_skew': 45675335680.0, 'edge_density': 0.05275967653293554, 'texture_var': 2628.8234056211004, 'mean_intensity': 95.37480045013216, 'std_intensity': 74.78027566490621, 'min_intensity': 0.0, 'max_intensity': 255.0}"
44,44.png,1,0,FN,10,"{'integral_mean': 978035.0535850403, 'integral_std': 973459.117572331, 'hist_mean': 238.90625, 'hist_std': 1087.0062255859375, 'hist_skew': 19254740992.0, 'edge_density': 0.03654349247874428, 'texture_var': 2433.3137188104324, 'mean_intensity': 67.52591563113145, 'std_intensity': 53.93303640038284, 'min_intensity': 0.0, 'max_intensity': 226.0}"
45,45.png,1,0,FN,7,"{'integral_mean': 1082437.315274278, 'integral_std': 1060200.8772778534, 'hist_mean': 320.19140625, 'hist_std': 1366.466552734375, 'hist_skew': 37308841984.0, 'edge_density': 0.036757798679988775, 'texture_var': 1996.8241039593345, 'mean_intensity': 59.36597982163989, 'std_intensity': 46.471559851614174, 'min_intensity': 0.0, 'max_intensity': 226.0}"
46,46.png,1,1,TP,20,"{'integral_mean': 2067155.3170418672, 'integral_std': 2159764.7128735175, 'hist_mean': 374.96875, 'hist_std': 1551.3529052734375, 'hist_skew': 56591618048.0, 'edge_density': 0.04052421035086257, 'texture_var': 1971.173925989821, 'mean_intensity': 102.84677889824152, 'std_intensity': 76.2930555671857, 'min_intensity': 0.0, 'max_intensity': 255.0}"
47,47.png,1,1,TP,28,"{'integral_mean': 1815857.224665129, 'integral_std': 1699959.8192693102, 'hist_mean': 366.796875, 'hist_std': 1554.424072265625, 'hist_skew': 56376655872.0, 'edge_density': 0.04980830670926518, 'texture_var': 3037.1399762168535, 'mean_intensity': 81.19700745473908, 'std_intensity': 71.20289617297557, 'min_intensity': 0.0, 'max_intensity': 255.0}"
48,48.png,1,1,TP,24,"{'integral_mean': 842550.4903580786, 'integral_std': 894020.0187192585, 'hist_mean': 221.765625, 'hist_std': 1135.995849609375, 'hist_skew': 22182707200.0, 'edge_density': 0.05944831959416614, 'texture_var': 2964.0897698638673, 'mean_intensity': 71.15187064045656, 'std_intensity': 61.74317073301446, 'min_intensity': 0.0, 'max_intensity': 226.0}"
49,49.png,1,1,TP,22,"{'integral_mean': 1702559.6820175438, 'integral_std': 1938752.6075425425, 'hist_mean': 336.140625, 'hist_std': 1450.00048828125, 'hist_skew': 46468440064.0, 'edge_density': 0.06866778227118486, 'texture_var': 3332.7530689850864, 'mean_intensity': 102.24952354390369, 'std_intensity': 81.32565796765438, 'min_intensity': 0.0, 'max_intensity': 255.0}"
50,50.png,1,2,TP,51,"{'integral_mean': 5895931.741520786, 'integral_std': 6188851.85420868, 'hist_mean': 1073.671875, 'hist_std': 1675.9249267578125, 'hist_skew': 52417925120.0, 'edge_density': 0.06702685003274395, 'texture_var': 1395.9987518417493, 'mean_intensity': 102.81289019864658, 'std_intensity': 59.922664940687724, 'min_intensity': 0.0, 'max_intensity': 255.0}"
51,51.JPG,1,0,FN,33,"{'integral_mean': 9097379.092097925, 'integral_std': 9297678.883642547, 'hist_mean': 1843.62890625, 'hist_std': 2320.202880859375, 'hist_skew': 48578314240.0, 'edge_density': 0.004457919905756522, 'texture_var': 316.19700355520456, 'mean_intensity': 96.96186190194695, 'std_intensity': 43.30359241440929, 'min_intensity': 0.0, 'max_intensity': 228.0}"
52,52.JPG,1,1,TP,63,"{'integral_mean': 11710423.85439397, 'integral_std': 11224812.838042613, 'hist_mean': 1963.59765625, 'hist_std': 2411.479736328125, 'hist_skew': 54579015680.0, 'edge_density': 0.014490302995338992, 'texture_var': 507.072285741549, 'mean_intensity': 106.35616822597234, 'std_intensity': 46.930008008201256, 'min_intensity': 0.0, 'max_intensity': 255.0}"
53,53.JPG,1,1,TP,63,"{'integral_mean': 24623867.54057239, 'integral_std': 20872644.542292885, 'hist_mean': 3122.015625, 'hist_std': 3799.33544921875, 'hist_skew': 134871105536.0, 'edge_density': 0.014014633975446552, 'texture_var': 365.0368038955791, 'mean_intensity': 122.99094760496274, 'std_intensity': 66.28951095519004, 'min_intensity': 0.0, 'max_intensity': 255.0}"
54,54.JPG,1,1,TP,96,"{'integral_mean': 53558173.2895288, 'integral_std': 43269004.54973419, 'hist_mean': 6510.47265625, 'hist_std': 8091.50830078125, 'hist_skew': 1112594710528.0, 'edge_density': 0.00824512909188981, 'texture_var': 300.5987924368362, 'mean_intensity': 108.08459267250302, 'std_intensity': 64.90578687044909, 'min_intensity': 0.0, 'max_intensity': 255.0}"
55,55.JPG,1,1,TP,36,"{'integral_mean': 5405219.644691989, 'integral_std': 5322819.893270079, 'hist_mean': 766.59765625, 'hist_std': 1865.648681640625, 'hist_skew': 58127138816.0, 'edge_density': 0.030466397281005253, 'texture_var': 1472.1949408452583, 'mean_intensity': 116.49367385311517, 'std_intensity': 65.86501024830827, 'min_intensity': 0.0, 'max_intensity': 255.0}"
56,56.JPG,1,1,TP,38,"{'integral_mean': 2295405.9115016377, 'integral_std': 2641584.008669926, 'hist_mean': 555.19140625, 'hist_std': 1648.2393798828125, 'hist_skew': 55750926336.0, 'edge_density': 0.038929423270409276, 'texture_var': 1396.2049793126785, 'mean_intensity': 89.50731377832814, 'std_intensity': 54.69451580701551, 'min_intensity': 0.0, 'max_intensity': 255.0}"
57,57.JPG,1,1,TP,34,"{'integral_mean': 2203886.683508859, 'integral_std': 2366455.0104480456, 'hist_mean': 656.640625, 'hist_std': 1842.8489990234375, 'hist_skew': 57560252416.0, 'edge_density': 0.03063057703747769, 'texture_var': 1609.0991194356495, 'mean_intensity': 68.98534800713861, 'std_intensity': 40.2058491866174, 'min_intensity': 0.0, 'max_intensity': 255.0}"
58,58.JPG,1,1,TP,38,"{'integral_mean': 3248371.3055524654, 'integral_std': 3478032.861540721, 'hist_mean': 698.94140625, 'hist_std': 1642.072998046875, 'hist_skew': 54738776064.0, 'edge_density': 0.04253642506245494, 'texture_var': 1636.660351221451, 'mean_intensity': 98.6576519177998, 'std_intensity': 64.21563690491163, 'min_intensity': 0.0, 'max_intensity': 255.0}"
59,59.JPG,1,1,TP,44,"{'integral_mean': 7096095.691054895, 'integral_std': 6662440.710897951, 'hist_mean': 988.31640625, 'hist_std': 1676.2703857421875, 'hist_skew': 52708597760.0, 'edge_density': 0.04887177926476924, 'texture_var': 1249.037311989833, 'mean_intensity': 117.52535285306057, 'std_intensity': 62.26411461946163, 'min_intensity': 0.0, 'max_intensity': 255.0}"
60,60.JPG,1,2,TP,48,"{'integral_mean': 4779563.115498077, 'integral_std': 4773897.871532214, 'hist_mean': 1068.47265625, 'hist_std': 1835.635498046875, 'hist_skew': 53464526848.0, 'edge_density': 0.04369554964921452, 'texture_var': 1593.9925257560863, 'mean_intensity': 75.8897155329051, 'std_intensity': 47.360808118064625, 'min_intensity': 0.0, 'max_intensity': 255.0}"
61,61.JPG,1,1,TP,93,"{'integral_mean': 49974818.89650135, 'integral_std': 41133589.03712463, 'hist_mean': 6340.140625, 'hist_std': 8433.3271484375, 'hist_skew': 1389671481344.0, 'edge_density': 0.008507303416475877, 'texture_var': 292.83694786508926, 'mean_intensity': 119.79123651634305, 'std_intensity': 67.89886978250519, 'min_intensity': 0.0, 'max_intensity': 255.0}"
62,62.JPG,1,4,TP,264,"{'integral_mean': 115929161.15346667, 'integral_std': 109673209.91674128, 'hist_mean': 13340.25, 'hist_std': 12203.005859375, 'hist_skew': 6548783366144.0, 'edge_density': 0.008846582710219073, 'texture_var': 156.06870562491306, 'mean_intensity': 150.83606590018928, 'std_intensity': 60.52511551831796, 'min_intensity': 0.0, 'max_intensity': 255.0}"
63,63.JPG,1,1,TP,116,"{'integral_mean': 79619296.64668828, 'integral_std': 63022815.37582714, 'hist_mean': 7965.5625, 'hist_std': 8473.5087890625, 'hist_skew': 1472546734080.0, 'edge_density': 0.011347676325432134, 'texture_var': 253.5173725641607, 'mean_intensity': 135.5388253340552, 'std_intensity': 80.59196558107828, 'min_intensity': 0.0, 'max_intensity': 255.0}"
64,64.JPG,1,1,TP,35,"{'integral_mean': 3683181.455580012, 'integral_std': 3748950.1827153773, 'hist_mean': 653.44140625, 'hist_std': 1670.6707763671875, 'hist_skew': 56026726400.0, 'edge_density': 0.03237665963259426, 'texture_var': 1535.6944166072255, 'mean_intensity': 108.4964759895027, 'std_intensity': 57.38669491360885, 'min_intensity': 0.0, 'max_intensity': 255.0}"
65,65.JPG,1,1,TP,50,"{'integral_mean': 6056358.259797082, 'integral_std': 6283072.659165846, 'hist_mean': 984.390625, 'hist_std': 1954.7567138671875, 'hist_skew': 56088100864.0, 'edge_density': 0.032820907604641195, 'texture_var': 956.965146497169, 'mean_intensity': 121.56233631212203, 'std_intensity': 50.72212287849449, 'min_intensity': 0.0, 'max_intensity': 255.0}"
66,66.JPG,1,1,TP,38,"{'integral_mean': 4608251.847663452, 'integral_std': 4836386.884725291, 'hist_mean': 801.59765625, 'hist_std': 1818.3140869140625, 'hist_skew': 55953055744.0, 'edge_density': 0.04108494266820656, 'texture_var': 1261.4503691884513, 'mean_intensity': 109.96493331189178, 'std_intensity': 53.79990243413995, 'min_intensity': 0.0, 'max_intensity': 255.0}"
67,67.JPG,1,1,TP,36,"{'integral_mean': 9712455.460771838, 'integral_std': 10113175.66960773, 'hist_mean': 1327.69140625, 'hist_std': 2809.05322265625, 'hist_skew': 171956731904.0, 'edge_density': 0.020962726066451106, 'texture_var': 770.2186212248998, 'mean_intensity': 143.0598283557279, 'std_intensity': 64.21591311987662, 'min_intensity': 0.0, 'max_intensity': 255.0}"
68,68.JPG,1,1,TP,104,"{'integral_mean': 72160186.39646962, 'integral_std': 62745754.51362193, 'hist_mean': 8010.25, 'hist_std': 9466.974609375, 'hist_skew': 878403846144.0, 'edge_density': 0.007641576417714803, 'texture_var': 178.1610143983515, 'mean_intensity': 137.16366530382948, 'std_intensity': 56.25914934357826, 'min_intensity': 0.0, 'max_intensity': 255.0}"
69,69.JPG,1,4,TP,322,"{'integral_mean': 45915644.269419536, 'integral_std': 55540313.05459741, 'hist_mean': 18292.5625, 'hist_std': 41194.09375, 'hist_skew': 274276057874432.0, 'edge_density': 0.004747062501494801, 'texture_var': 270.1615047611203, 'mean_intensity': 45.20819808938742, 'std_intensity': 56.36282117034058, 'min_intensity': 0.0, 'max_intensity': 255.0}"
70,70.JPG,1,3,TP,135,"{'integral_mean': 73722001.8373252, 'integral_std': 58274546.996661745, 'hist_mean': 7171.97265625, 'hist_std': 6790.38623046875, 'hist_skew': 552934178816.0, 'edge_density': 0.009937228523576749, 'texture_var': 254.85821199761403, 'mean_intensity': 130.62865756185238, 'std_intensity': 64.9799778908621, 'min_intensity': 0.0, 'max_intensity': 255.0}"
71,71.JPG,1,1,TP,118,"{'integral_mean': 36437369.686332166, 'integral_std': 32221507.14909868, 'hist_mean': 5909.765625, 'hist_std': 6582.4208984375, 'hist_skew': 327442366464.0, 'edge_density': 0.007882212968471148, 'texture_var': 270.9921990317573, 'mean_intensity': 91.53683257320378, 'std_intensity': 46.1064207409267, 'min_intensity': 0.0, 'max_intensity': 255.0}"
72,72.JPG,1,2,TP,138,"{'integral_mean': 23554981.70236624, 'integral_std': 25012935.252395745, 'hist_mean': 7954.41015625, 'hist_std': 19006.060546875, 'hist_skew': 29893316313088.0, 'edge_density': 0.007793436129427023, 'texture_var': 358.71541435575614, 'mean_intensity': 55.267019229210995, 'std_intensity': 44.040449552169285, 'min_intensity': 0.0, 'max_intensity': 255.0}"
73,73.JPG,1,1,TP,47,"{'integral_mean': 4246197.001370909, 'integral_std': 5015420.876823643, 'hist_mean': 1101.41015625, 'hist_std': 2451.72216796875, 'hist_skew': 76077604864.0, 'edge_density': 0.026705821017800335, 'texture_var': 1207.1419492959585, 'mean_intensity': 71.13016339139101, 'std_intensity': 58.1015155114002, 'min_intensity': 0.0, 'max_intensity': 255.0}"
74,74.JPG,1,3,TP,92,"{'integral_mean': 23459986.51956315, 'integral_std': 21774798.38138406, 'hist_mean': 3444.22265625, 'hist_std': 3983.64453125, 'hist_skew': 128891142144.0, 'edge_density': 0.013550771729379248, 'texture_var': 520.7515656310179, 'mean_intensity': 110.7414034598246, 'std_intensity': 56.80878034751046, 'min_intensity': 0.0, 'max_intensity': 255.0}"
75,75.JPG,1,1,TP,379,"{'integral_mean': 76721795.95210226, 'integral_std': 77185552.6537534, 'hist_mean': 14884.0, 'hist_std': 15429.08203125, 'hist_skew': 3168002899968.0, 'edge_density': 0.01982151555361462, 'texture_var': 186.60190052299518, 'mean_intensity': 87.84483127855415, 'std_intensity': 42.33711227578605, 'min_intensity': 0.0, 'max_intensity': 255.0}"
76,76.JPG,1,1,TP,134,"{'integral_mean': 46466549.69178113, 'integral_std': 44822572.24717427, 'hist_mean': 7999.06640625, 'hist_std': 8718.326171875, 'hist_skew': 865632911360.0, 'edge_density': 0.006532988957207409, 'texture_var': 168.00922904403694, 'mean_intensity': 110.52977520325858, 'std_intensity': 67.63565703452689, 'min_intensity': 0.0, 'max_intensity': 255.0}"
77,77.JPG,1,1,TP,79,"{'integral_mean': 35878217.11724503, 'integral_std': 28819013.149431217, 'hist_mean': 5274.390625, 'hist_std': 8165.8466796875, 'hist_skew': 1116274163712.0, 'edge_density': 0.007548265350558862, 'texture_var': 374.8047425448644, 'mean_intensity': 95.38347735668516, 'std_intensity': 59.88727614493431, 'min_intensity': 0.0, 'max_intensity': 255.0}"
78,78.JPG,1,1,TP,153,"{'integral_mean': 66005805.43159726, 'integral_std': 56199396.0692014, 'hist_mean': 8965.72265625, 'hist_std': 10875.6572265625, 'hist_skew': 1881050054656.0, 'edge_density': 0.005175963140868542, 'texture_var': 171.0762258274481, 'mean_intensity': 114.75330653857465, 'std_intensity': 40.801525084526105, 'min_intensity': 0.0, 'max_intensity': 255.0}"
79,79.JPG,1,2,TP,77,"{'integral_mean': 12837244.832796544, 'integral_std': 12034725.749910785, 'hist_mean': 3150.015625, 'hist_std': 5068.6181640625, 'hist_skew': 278908862464.0, 'edge_density': 0.018679222821315372, 'texture_var': 618.3400761550981, 'mean_intensity': 60.179903621509816, 'std_intensity': 52.51665771123178, 'min_intensity': 0.0, 'max_intensity': 255.0}"
80,80.JPG,1,1,TP,108,"{'integral_mean': 45683381.47736614, 'integral_std': 38448684.68005617, 'hist_mean': 5301.66015625, 'hist_std': 4017.150634765625, 'hist_skew': 40565514240.0, 'edge_density': 0.01320341137246956, 'texture_var': 338.8001973890117, 'mean_intensity': 128.21199064267162, 'std_intensity': 59.76939899642585, 'min_intensity': 0.0, 'max_intensity': 255.0}"
81,81.JPG,1,1,TP,50,"{'integral_mean': 7363981.536805653, 'integral_std': 7990108.845344786, 'hist_mean': 1190.25, 'hist_std': 1767.272216796875, 'hist_skew': 52321927168.0, 'edge_density': 0.0277744959042218, 'texture_var': 1162.0333038462409, 'mean_intensity': 126.34099650808653, 'std_intensity': 63.67824031296435, 'min_intensity': 0.0, 'max_intensity': 255.0}"
82,82.JPG,1,1,TP,43,"{'integral_mean': 3996066.167542882, 'integral_std': 4067891.152551242, 'hist_mean': 833.765625, 'hist_std': 1775.7608642578125, 'hist_skew': 55281029120.0, 'edge_density': 0.030068776822023576, 'texture_var': 1429.0761916934082, 'mean_intensity': 87.22841588426004, 'std_intensity': 59.29536374295987, 'min_intensity': 0.0, 'max_intensity': 255.0}"
83,83.JPG,1,1,TP,45,"{'integral_mean': 5528460.307868968, 'integral_std': 5794886.590981655, 'hist_mean': 1008.0625, 'hist_std': 1819.816650390625, 'hist_skew': 54245822464.0, 'edge_density': 0.02693517887035774, 'texture_var': 1474.4206292889774, 'mean_intensity': 102.41206444912889, 'std_intensity': 64.1753274401437, 'min_intensity': 0.0, 'max_intensity': 255.0}"
84,84.JPG,1,1,TP,46,"{'integral_mean': 6130008.8187055215, 'integral_std': 6060184.749433387, 'hist_mean': 1084.87890625, 'hist_std': 1890.0130615234375, 'hist_skew': 54729732096.0, 'edge_density': 0.04009664097015436, 'texture_var': 1031.8840661077734, 'mean_intensity': 96.04655977589665, 'std_intensity': 54.85349442319307, 'min_intensity': 0.0, 'max_intensity': 255.0}"
85,85.JPG,1,2,TP,45,"{'integral_mean': 4269920.478027676, 'integral_std': 4741875.769222726, 'hist_mean': 1028.00390625, 'hist_std': 1874.7451171875, 'hist_skew': 55317393408.0, 'edge_density': 0.028084614829254204, 'texture_var': 1562.1161794013224, 'mean_intensity': 92.93696066026014, 'std_intensity': 53.62602364530263, 'min_intensity': 0.0, 'max_intensity': 255.0}"
86,86.JPG,1,1,TP,161,"{'integral_mean': 64452829.01332334, 'integral_std': 65066144.7823904, 'hist_mean': 9788.62890625, 'hist_std': 19302.84765625, 'hist_skew': 56108714557440.0, 'edge_density': 0.006468762183799841, 'texture_var': 133.34399727143594, 'mean_intensity': 130.35061928122116, 'std_intensity': 61.611178237968325, 'min_intensity': 0.0, 'max_intensity': 255.0}"
87,87.JPG,1,0,FN,38,"{'integral_mean': 22855256.54124161, 'integral_std': 23910069.01583278, 'hist_mean': 3503.16015625, 'hist_std': 5085.22900390625, 'hist_skew': 265911320576.0, 'edge_density': 0.008854728264323842, 'texture_var': 176.4103513339624, 'mean_intensity': 103.81657744291148, 'std_intensity': 66.66388861867254, 'min_intensity': 0.0, 'max_intensity': 254.0}"
88,88.JPG,1,1,TP,120,"{'integral_mean': 30898921.159717806, 'integral_std': 34640489.60281407, 'hist_mean': 5292.5625, 'hist_std': 4538.427734375, 'hist_skew': 74798792704.0, 'edge_density': 0.009686352310435634, 'texture_var': 390.7947539680049, 'mean_intensity': 113.35988813901584, 'std_intensity': 64.92472497632457, 'min_intensity': 0.0, 'max_intensity': 255.0}"
89,89.JPG,1,1,TP,57,"{'integral_mean': 7031789.933410881, 'integral_std': 7174575.832596717, 'hist_mean': 1838.265625, 'hist_std': 4229.70751953125, 'hist_skew': 378006372352.0, 'edge_density': 0.019468928762675416, 'texture_var': 726.9628832032488, 'mean_intensity': 63.18537981623303, 'std_intensity': 41.61129247436671, 'min_intensity': 0.0, 'max_intensity': 255.0}"
90,90.JPG,1,1,TP,60,"{'integral_mean': 6694550.6481379075, 'integral_std': 7345419.6307229595, 'hist_mean': 1838.265625, 'hist_std': 3519.343994140625, 'hist_skew': 152847515648.0, 'edge_density': 0.020044794260894696, 'texture_var': 831.5803295120998, 'mean_intensity': 62.62012426794958, 'std_intensity': 48.22562968287448, 'min_intensity': 0.0, 'max_intensity': 255.0}"
91,91.JPG,1,1,TP,55,"{'integral_mean': 4694857.605406535, 'integral_std': 4467135.654178874, 'hist_mean': 1359.765625, 'hist_std': 2756.388671875, 'hist_skew': 90693361664.0, 'edge_density': 0.02869003160011491, 'texture_var': 1190.8213297929801, 'mean_intensity': 57.98000574547544, 'std_intensity': 44.40564084579302, 'min_intensity': 0.0, 'max_intensity': 255.0}"
92,92.JPG,1,0,FN,26,"{'integral_mean': 5200144.178744986, 'integral_std': 4729897.598090506, 'hist_mean': 1487.06640625, 'hist_std': 3194.4912109375, 'hist_skew': 147484999680.0, 'edge_density': 0.010825109209879981, 'texture_var': 414.0790619096625, 'mean_intensity': 61.75477620840108, 'std_intensity': 35.93243564647128, 'min_intensity': 0.0, 'max_intensity': 255.0}"
93,93.JPG,1,1,TP,38,"{'integral_mean': 4129031.7508247555, 'integral_std': 4603516.325192628, 'hist_mean': 1630.140625, 'hist_std': 3681.887451171875, 'hist_skew': 203747803136.0, 'edge_density': 0.018182863825015095, 'texture_var': 901.7184887278512, 'mean_intensity': 49.631377661053016, 'std_intensity': 37.51439857153418, 'min_intensity': 0.0, 'max_intensity': 255.0}"
94,94.JPG,1,1,TP,56,"{'integral_mean': 12893850.89282071, 'integral_std': 14136469.285502449, 'hist_mean': 2280.0625, 'hist_std': 3391.757080078125, 'hist_skew': 160340410368.0, 'edge_density': 0.01573421781201173, 'texture_var': 520.850589464928, 'mean_intensity': 120.34252247745401, 'std_intensity': 60.50742233230883, 'min_intensity': 0.0, 'max_intensity': 255.0}"
95,95.JPG,1,1,TP,38,"{'integral_mean': 4612292.098909916, 'integral_std': 4205371.887095612, 'hist_mean': 1076.66015625, 'hist_std': 2425.7626953125, 'hist_skew': 81245855744.0, 'edge_density': 0.022574149659863946, 'texture_var': 1371.9111676925597, 'mean_intensity': 65.22210612244898, 'std_intensity': 55.68259745509867, 'min_intensity': 0.0, 'max_intensity': 255.0}"
96,96.JPG,1,1,TP,73,"{'integral_mean': 14327873.796831798, 'integral_std': 15818821.782313252, 'hist_mean': 3400.34765625, 'hist_std': 3876.789794921875, 'hist_skew': 146118737920.0, 'edge_density': 0.011502730074705137, 'texture_var': 415.69978708249187, 'mean_intensity': 93.4364512360294, 'std_intensity': 56.41095531330255, 'min_intensity': 0.0, 'max_intensity': 255.0}"
97,97.JPG,1,1,TP,51,"{'integral_mean': 11314974.550108168, 'integral_std': 13179632.423735924, 'hist_mean': 2298.00390625, 'hist_std': 4221.64794921875, 'hist_skew': 378145603584.0, 'edge_density': 0.016802965889214316, 'texture_var': 425.00867915566886, 'mean_intensity': 109.38597696030352, 'std_intensity': 65.53231881233373, 'min_intensity': 0.0, 'max_intensity': 255.0}"
98,98.JPG,1,1,TP,532,"{'integral_mean': 202246576.999758, 'integral_std': 169702364.03371865, 'hist_mean': 24904.78515625, 'hist_std': 23428.427734375, 'hist_skew': 13698928214016.0, 'edge_density': 0.002039486324870111, 'texture_var': 65.48378173755239, 'mean_intensity': 114.3911467503186, 'std_intensity': 46.73364397259739, 'min_intensity': 0.0, 'max_intensity': 255.0}"
99,99.JPG,1,1,TP,89,"{'integral_mean': 12338870.527312275, 'integral_std': 11885964.687180538, 'hist_mean': 3451.5625, 'hist_std': 8041.42236328125, 'hist_skew': 2488716754944.0, 'edge_density': 0.011622906292440019, 'texture_var': 510.29860343751966, 'mean_intensity': 57.50024671797193, 'std_intensity': 33.28470407734331, 'min_intensity': 0.0, 'max_intensity': 255.0}"
100,100.JPG,1,1,TP,154,"{'integral_mean': 77850150.50147924, 'integral_std': 66424266.45901467, 'hist_mean': 7214.37890625, 'hist_std': 9431.80078125, 'hist_skew': 3797851045888.0, 'edge_density': 0.010429475423700823, 'texture_var': 278.14806187083195, 'mean_intensity': 159.49959634648903, 'std_intensity': 66.48406322137977, 'min_intensity': 0.0, 'max_intensity': 255.0}"
